[
    {
        "number": "IMS1686220",
        "u_category": "Asesoramiento",
        "u_call_reason": "DESBLOQIVR",
        "opened_for": "JORGE ALFONSO OLVERA GARDUÑO",
        "company": "Santander México",
        "u_source": "call",
        "u_description": "*** Este código solo es para usuarios que no escuchan adecuadamente la contraseña proporcionada por el sistema *** Describe la falla: USUARIO REPORTA QUE EL IVR NO LE PROPORCIONO CONTRASEÑA PARA WINDOWS LA LLAMADA INGRESO COMO DESBLOQUEO FALLIDO Nombre: EZEQUIEL BAEZ GALVAN Expediente: s533866 ¿De donde llama el usuario? (linea fija / celular / Extensión): Ext Numero de donde nos llama: 2283648170 ¿Qué número marco para contactar al SDK? 70767 Analista ¿Por que medio trabajas? (VDI / VPN / En el corp blanco): Corp blanco Documenta tu place: 159323 ¿Qué aplicativo intento desbloquear?: Windows",
        "opened_at": "2025-09-08 08:33:42",
        "sys_created_on": "2025-09-08 08:40:33",
        "sys_updated_on": "2025-09-08 08:40:38",
        "duration": "416",
        "opened_by": "JORGE ALFONSO OLVERA GARDUÑO",
        "sys_updated_by": "Z951056@santander.com.mx",
        "short_description": "SOS",
        "state": "Cerrado completo"
    },
    {
        "number": "IMS1687939",
        "u_category": "Asesoramiento",
        "u_call_reason": "DESDOMCORPORATIVO",
        "opened_for": "ITZEL SICAIROS SALCIDO",
        "company": "Santander México",
        "u_source": "call",
        "u_description": "Usuario requiere desbloquear aplicativos contenidos en la cuenta Servicio_AD_CorporativoBanco * Información * - Usuario a desbloquear: C108463 - Nombre del usuario: ITZEL SICAIROS SALCIDO - Aplicativo a desbloquear: WINDOWS - ¿Ingreso como desbloqueo fallido? (si/no): NO - ¿De dónde marca el usuario? (celular, extensión interna, teléfono fijo externo): CELULAR - Si el IVR ya le había proporcionado clave al usuario ¿Se entendió bien la contraseña? (si/no): SI SE REALIZA CONFERENCIA CON EL USUARIO YA QUE INDICA NO PUEDE CONECTAR LA VPN. USUARIO VALIDA, LE PERMITE CONECTAR LA VPN. EXPEDIENTE EMPRESA CALLID FECHA HORA DESCRIPCION C108463 Servicio_AD_CorporativoBanco 00PU73I6EKCBJ34G7E8ATD5AES0081T8 08-sep-25 05:44:28 p. m. Desbloqueo Windows C108463 Servicio_AD_CorporativoBanco 01JABCMJT4C8B80M7I8ATD5AES02D3AU 08-sep-25 05:39:00 p. m. Desbloqueo Windows Se desbloquea usuario y se valida en línea",
        "opened_at": "2025-09-08 17:53:06",
        "sys_created_on": "2025-09-08 18:13:42",
        "sys_updated_on": "2025-09-08 18:13:50",
        "duration": "1244",
        "opened_by": "MARIA ESTHELA LOPEZ ROSALES",
        "sys_updated_by": "Z927706@santander.com.mx",
        "short_description": "SOS",
        "state": "Cerrado completo"
    },
    {
        "number": "IMS1687034",
        "u_category": "Asesoramiento",
        "u_call_reason": "DESOPAC",
        "opened_for": "FELIPE CORDERO RODRIGUEZ",
        "company": "Santander México",
        "u_source": "call",
        "u_description": "Usuario solicita el desbloqueo en el aplicativo OPICS AREAS CENTRALES. * Información * - Usuario a desbloquear (expediente con letra): c987887 - Nombre del usuario: RICARDO EMMANUEL MARTINEZ ANTUNEZ * asignar * Atención por SERVICE DESK bajo llamada.",
        "opened_at": "2025-09-08 11:31:32",
        "sys_created_on": "2025-09-08 11:32:38",
        "sys_updated_on": "2025-09-08 11:32:42",
        "duration": "70",
        "opened_by": "FELIPE CORDERO RODRIGUEZ",
        "sys_updated_by": "Z932614@santander.com.mx",
        "short_description": "ADMINISTRACION DE USUARIOS",
        "state": "Cerrado completo"
    },
    {
        "number": "IMS1686858",
        "u_category": "Asesoramiento",
        "u_call_reason": "DESTRACK",
        "opened_for": "ANA MARIA CRUZ MUÑOZ",
        "company": "Santander México",
        "u_source": "call",
        "u_description": "Usuario solicita el desbloqueo de: (solo deja el aplicativo que requiere el desbloqueo) - Tracking 2.0 Usuario con letra: S644910 Nombre: ANA MARIA CRUZ MUÑOZ ¿Le indica que la contraseña expiro?: No Usuario solicita desbloqueo por cambio de puesto. Se valida que no puede iniciar sesión con Acceso corporativo (Se adjunta pantalla) Se le solicita consultar con ABC ya que no se encuentra en Tracking Si se trata de operadores de Call Center, el desbloqueo lo solicita un supervisor, consulta la lista de supervisores autorizados.",
        "opened_at": "2025-09-08 10:39:13",
        "sys_created_on": "2025-09-08 10:55:10",
        "sys_updated_on": "2025-09-08 10:55:25",
        "duration": "972",
        "opened_by": "SAMUEL ELIAS ZUÑIGA VIZCARRA",
        "sys_updated_by": "Z945586@santander.com.mx",
        "short_description": "SOS",
        "state": "Cerrado completo"
    },
    {
        "number": "IMS1686335",
        "u_category": "Asesoramiento",
        "u_call_reason": "GENERICO16",
        "opened_for": "BEATRIZ ADRIANA GALINDO ALVARADO",
        "company": "Santander México",
        "u_source": "call",
        "u_description": "Describe la falla: Usuaria requiere ingresar por medio de Tracking 2.0, ingreso por medio del acceso corporativo Expediente con letra: s031927 Extensión /celular:23390 Correo:NA Segundo contacto:23390",
        "opened_at": "2025-09-08 08:55:32",
        "sys_created_on": "2025-09-08 09:05:07",
        "sys_updated_on": "2025-09-08 09:05:12",
        "duration": "580",
        "opened_by": "JOSAHANDY CHIMAL PEREZ",
        "sys_updated_by": "Z930657@santander.com.mx",
        "short_description": "SOFTWARE",
        "state": "Cerrado completo"
    },
    {
        "number": "IMS1686726",
        "u_category": "Asesoramiento",
        "u_call_reason": "GENERICO16",
        "opened_for": "ALEXIS GUADALUPE ARGAEZ LOPEZ",
        "company": "Santander México",
        "u_source": "call",
        "u_description": "Describe la falla: no perimite ingresar a tracking 2.0 se valida ingreso desde santander now por acceso corportativo le permite ingresar, usuario tenia la liga guardada *** Prioridad 1 ******** Número de equipos afectados: 1 Impacto en sucursal o corporativo: sucursal Problema en (plataforma/herramienta/ aplicación): tracking 2.0 Error en específico: no le permite ingresar a trakcing 2.0 Que le impide hacer: ingreso a tracking CC (solo en sucursales): 5139 Puesto (solo en sucursales, oficial / subdirector, cajeros, ejecutivos / director): Oficial de Caja Nombre de sucursal o corporativo con piso y modulo: SUC Y VENTA PLAZA KUKULCAN QRO ****** Prioridad 2 datos adicionales ****** Expediente con letra: s034856 Extensión /celular: 22472 Correo: Segundo contacto:",
        "opened_at": "2025-09-08 10:09:24",
        "sys_created_on": "2025-09-08 10:14:47",
        "sys_updated_on": "2025-09-08 10:14:51",
        "duration": "327",
        "opened_by": "JESSICA JAQUELINE GUERRERO VAZQUEZ",
        "sys_updated_by": "Z948939@santander.com.mx",
        "short_description": "SOFTWARE",
        "state": "Cerrado completo"
    },
    {
        "number": "IMS1686989",
        "u_category": "Asesoramiento",
        "u_call_reason": "GENERICO16",
        "opened_for": "ANA CRISTINA GARCIA VAZQUEZ",
        "company": "Santander México",
        "u_source": "call",
        "u_description": "Describe la falla: Usuario solicita la contraseña de Tracking 2.0 y Courier, se le indica que el acceso ya va a realizarse por la opción de acceso corporativo y se valida el acceso. Nombre: ANA CRISTINA GARCIA VAZQUEZ Expediente con letra: s574157 Extensión /celular: 23219",
        "opened_at": "2025-09-08 11:16:10",
        "sys_created_on": "2025-09-08 11:19:22",
        "sys_updated_on": "2025-09-08 11:19:27",
        "duration": "197",
        "opened_by": "JOSE LUIS CASTILLO BARRON",
        "sys_updated_by": "Z942058@santander.com.mx",
        "short_description": "SOFTWARE",
        "state": "Cerrado completo"
    },
    {
        "number": "IMS1686654",
        "u_category": "Asesoramiento",
        "u_call_reason": "GENERICO16",
        "opened_for": "FATIMA PHOLETET LONA REVELES",
        "company": "Santander México",
        "u_source": "call",
        "u_description": "Describe la falla: Usuario solicita la contraseña de Tracking 2.0 y Courier, se le indica que el acceso ya va a realizarse por la opción de acceso corporativo y se valida el acceso. Nombre: FATIMA PHOLETET LONA REVELES Expediente con letra: s022401 Extensión /celular: 50497",
        "opened_at": "2025-09-08 09:53:52",
        "sys_created_on": "2025-09-08 10:00:15",
        "sys_updated_on": "2025-09-08 10:00:23",
        "duration": "391",
        "opened_by": "JOSE LUIS CASTILLO BARRON",
        "sys_updated_by": "Z942058@santander.com.mx",
        "short_description": "SOFTWARE",
        "state": "Cerrado completo"
    },
    {
        "number": "IMS1686888",
        "u_category": "Asesoramiento",
        "u_call_reason": "GENERICO16",
        "opened_for": "HEBER JONATHAN REYES FELIX",
        "company": "Santander México",
        "u_source": "call",
        "u_description": "Describe la falla: Usuario solicita contraseña para tracking 2.0 e indica que caduco la contraseña , se le solicita ingresar desde el apartado de acceso corporativo y usuario confirma que pudo ingresar sin problemas al aplicativo *** Prioridad 1 ******** Ip: Hostname: Número de equipos afectados: Impacto en sucursal o corporativo: Problema en (plataforma/herramienta/ aplicación): Error en específico: Que le impide hacer: CC (solo en sucursales): Puesto (solo en sucursales, oficial / subdirector, cajeros, ejecutivos / director): Nombre de sucursal o corporativo con piso y modulo: ****** Prioridad 2 datos adicionales ****** Expediente con letra: Extensión /celular: Correo: Segundo contacto:",
        "opened_at": "2025-09-08 10:47:57",
        "sys_created_on": "2025-09-08 10:52:35",
        "sys_updated_on": "2025-09-08 10:52:40",
        "duration": "283",
        "opened_by": "ANTONIO GONZALEZ GUERRERO",
        "sys_updated_by": "Z948941@santander.com.mx",
        "short_description": "SOFTWARE",
        "state": "Cerrado completo"
    },
    {
        "number": "IMS1687984",
        "u_category": "Asesoramiento",
        "u_call_reason": "LIBEACIONCYBER",
        "opened_for": "LYNABEL HERNANDEZ YESCAS",
        "company": "Santander México",
        "u_source": "call",
        "u_description": "Liberación de usuario en Cyber Usuario (NO documentes el N): Nombre: LYNABEL HERNANDEZ YESCAS Puesto :MEX Subgerente Recuperaciones Dominio: GFSSCORP ¿Utilizo otro equipo para firmarse a Cyber? (Si/No):no ¿Cerro correctamente la sesión? (Si/No):no ¿El aplicativo se cerró de forma inesperada? (Si/No):si ¿El aplicativo se queda cargando? (Si/No):no Otra (especifica): Se libera usuario y valida correcto acceso en línea",
        "opened_at": "2025-09-08 19:22:43",
        "sys_created_on": "2025-09-08 19:26:30",
        "sys_updated_on": "2025-09-08 19:26:30",
        "duration": "0",
        "opened_by": "ISRAEL CORTINA OROPEZA",
        "sys_updated_by": "Z946606@santander.com.mx",
        "short_description": "SOS",
        "state": "Trabajo en curso"
    },
    {
        "number": "IMS1687392",
        "u_category": "Asesoramiento",
        "u_call_reason": "LIBEACIONCYBER",
        "opened_for": "ANTONIO CORDERO BRITO",
        "company": "Santander México",
        "u_source": "call",
        "u_description": "\"Liberacion de usuario en Cyber**** ****Usuario:c318092****** **Nombre: ANTONIO CORDERO BRITO*** *****Dominio: ¿Utilizo otro equipo para firmarse a Cyber? (Si/No): ¿Cerro correctamente la sesión? (Si/No): ¿El aplicativo se cerró de forma inesperada? (Si/No): ¿El aplicativo se queda cargando? (Si/No): Otra (especifica): Se libera usuario y valida correcto acceso en línea\"\"\"",
        "opened_at": "2025-09-08 13:21:10",
        "sys_created_on": "2025-09-08 13:21:31",
        "sys_updated_on": "2025-09-08 13:21:42",
        "duration": "32",
        "opened_by": "LUIS MIGUEL DE LA CRUZ GRANADOS",
        "sys_updated_by": "Z932611@santander.com.mx",
        "short_description": "SOS",
        "state": "Cerrado completo"
    },
    {
        "number": "IMS1687783",
        "u_category": "Asesoramiento",
        "u_call_reason": "LIBEACIONCYBER",
        "opened_for": "JULIO CESAR GARCIA JARDON",
        "company": "Santander México",
        "u_source": "call",
        "u_description": "Liberación de usuario en Cyber Usuario (NO documentes el N): C320147 Nombre: JULIO CESAR GARCIA JARDON Puesto :ejecutivo de cobro Dominio: gfsscorp ¿Utilizo otro equipo para firmarse a Cyber? (Si/No):no ¿Cerro correctamente la sesión? (Si/No): no ¿El aplicativo se cerró de forma inesperada? (Si/No): no ¿El aplicativo se queda cargando? (Si/No):si Otra (especifica): Se libera usuario y valida correcto acceso en línea",
        "opened_at": "2025-09-08 16:08:52",
        "sys_created_on": "2025-09-08 16:09:50",
        "sys_updated_on": "2025-09-08 16:09:55",
        "duration": "63",
        "opened_by": "PERLA PEREZ CRUZ",
        "sys_updated_by": "Z945591@santander.com.mx",
        "short_description": "SOS",
        "state": "Cerrado completo"
    },
    {
        "number": "IMS1684972",
        "u_category": "Asesoramiento",
        "u_call_reason": "LIBEACIONCYBER",
        "opened_for": "JUAN RAMON JIMENEZ CASTILLO",
        "company": "Santander México",
        "u_source": "call",
        "u_description": "Liberación de usuario en Cyber Usuario (NO documentes el N): C318070 Nombre: JUAN RAMON JIMENEZ CASTILLO Puesto : EJECUTIVO RECUPERACIONES Dominio: GFSCORP/ ¿Utilizo otro equipo para firmarse a Cyber? (Si/No):NO ¿Cerro correctamente la sesión? (Si/No):NO ¿El aplicativo se cerró de forma inesperada? (Si/No):NO ¿El aplicativo se queda cargando? (Si/No):NO Otra (especifica): Se libera usuario y valida correcto acceso en línea",
        "opened_at": "2025-09-06 10:28:50",
        "sys_created_on": "2025-09-06 10:30:38",
        "sys_updated_on": "2025-09-06 10:30:47",
        "duration": "117",
        "opened_by": "FELIPE CORDERO RODRIGUEZ",
        "sys_updated_by": "Z932614@santander.com.mx",
        "short_description": "SOS",
        "state": "Cerrado completo"
    },
    {
        "number": "IMS1686465",
        "u_category": "Asesoramiento",
        "u_call_reason": "LIBERACIONTF",
        "opened_for": "GREGORIO MORENO LOPEZ",
        "company": "Santander México",
        "u_source": "call",
        "u_description": "Liberación de usuario en plataforma (TF) Usuario:S068299 Nombre: MORENO LOPEZ GREGORIO Puesto (Subdirector, Oficial, ejecutivo, etc.): Banquero de Servicios ¿Utilizo otro equipo para firmarse a TF? (Si/No):SI ¿Se firmo en plataforma de mostrador y luego en negocios o viceversa? (Si/No): NO ¿El usuario trabaja en dos centros de costos? (Si/No): SI ¿El usuario es operativo volante? (Si/No): NO Se libera usuario y valida correcto acceso en línea",
        "opened_at": "2025-09-08 09:17:19",
        "sys_created_on": "2025-09-08 09:18:51",
        "sys_updated_on": "2025-09-08 09:18:57",
        "duration": "99",
        "opened_by": "JOSAHANDY CHIMAL PEREZ",
        "sys_updated_by": "Z930657@santander.com.mx",
        "short_description": "SOS",
        "state": "Cerrado completo"
    },
    {
        "number": "IMS1686486",
        "u_category": "Asesoramiento",
        "u_call_reason": "LIBERACIONTF",
        "opened_for": "PAOLA HERNANDEZ DIAZ",
        "company": "Santander México",
        "u_source": "call",
        "u_description": "Liberación de usuario en plataforma (TF) Usuario:S053415 Nombre: PAOLA HERNANDEZ DIAZ Puesto (Subdirector, Oficial, ejecutivo, etc.):Banquero de Servicio Sucursal ¿Utilizo otro equipo para firmarse a TF? (Si/No):SI ¿Se firmo en plataforma de mostrador y luego en negocios o viceversa? (Si/No):NO ¿El usuario trabaja en dos centros de costos? (Si/No):NO ¿El usuario es operativo volante? (Si/No):NO Se libera usuario y valida correcto acceso en línea",
        "opened_at": "2025-09-08 09:21:40",
        "sys_created_on": "2025-09-08 09:22:42",
        "sys_updated_on": "2025-09-08 09:23:03",
        "duration": "83",
        "opened_by": "FATIMA GARCIA MANDUJANO",
        "sys_updated_by": "Z921791@santander.com.mx",
        "short_description": "SOS",
        "state": "Cerrado completo"
    },
    {
        "number": "IMS1686859",
        "u_category": "Asesoramiento",
        "u_call_reason": "LIBERACIONTF",
        "opened_for": "ITZEL MANRIQUE ARROYO",
        "company": "Santander México",
        "u_source": "call",
        "u_description": "Liberación de usuario en plataforma (TF) Nombre: MANRIQUE ARROYO ITZEL Expediente: s430502 Puesto (Subdirector, Oficial, ejecutivo, etc.): Banquero de Servicio Sucursal ¿Utilizo otro equipo para firmarse a TF? (Si/No): Si ¿Se firmo en plataforma de mostrador y luego en negocios o viceversa? (Si/No): No ¿El usuario trabaja en dos centros de costos? (Si/No): Si ¿El usuario es operativo volante? (Si/No): No Se libera usuario y valida correcto acceso en línea",
        "opened_at": "2025-09-08 10:39:14",
        "sys_created_on": "2025-09-08 10:40:15",
        "sys_updated_on": "2025-09-08 10:40:20",
        "duration": "66",
        "opened_by": "JUAN ANTONIO MORALES BALDERAS",
        "sys_updated_by": "Z936831@santander.com.mx",
        "short_description": "SOS",
        "state": "Cerrado completo"
    },
    {
        "number": "IMS1689060",
        "u_category": "Asesoramiento",
        "u_call_reason": "LIBERACIONTF",
        "opened_for": "ROCIO ROMO RIVAS",
        "company": "Santander México",
        "u_source": "call",
        "u_description": "Liberación de usuario en plataforma (TF) Usuario:n400656 Nombre: ROMO RIVAS,ROCIO Puesto (Subdirector, Oficial, ejecutivo, etc.): Banquero de Servicio Sucursal ¿Utilizo otro equipo para firmarse a TF? (Si/No): si ¿Se firmo en plataforma de mostrador y luego en negocios o viceversa? (Si/No): no ¿El usuario trabaja en dos centros de costos? (Si/No): si ¿El usuario es operativo volante? (Si/No): no Se libera usuario y valida correcto acceso en línea",
        "opened_at": "2025-09-09 08:40:54",
        "sys_created_on": "2025-09-09 08:41:56",
        "sys_updated_on": "2025-09-09 08:42:07",
        "duration": "74",
        "opened_by": "ALMA ROSA GOMEZ OTILIO",
        "sys_updated_by": "Z929982@santander.com.mx",
        "short_description": "SOS",
        "state": "Cerrado completo"
    },
    {
        "number": "IMS1684970",
        "u_category": "Asesoramiento",
        "u_call_reason": "LIBERACIONTF",
        "opened_for": "KARLA MONROY GALINDO",
        "company": "Santander México",
        "u_source": "call",
        "u_description": "Liberación de usuario en plataforma (TF) Usuario: n787588 Nombre: KARLA MONROY GALINDO Puesto (Subdirector, Oficial, ejecutivo, etc.): Operativo Volante ¿Utilizo otro equipo para firmarse a TF? (Si/No): Si ¿Se firmo en plataforma de mostrador y luego en negocios o viceversa? (Si/No): Si ¿El usuario trabaja en dos centros de costos? (Si/No): Si ¿El usuario es operativo volante? (Si/No): Si Se libera usuario y valida correcto acceso en línea",
        "opened_at": "2025-09-06 10:00:55",
        "sys_created_on": "2025-09-06 10:12:47",
        "sys_updated_on": "2025-09-06 10:12:51",
        "duration": "716",
        "opened_by": "CRISTINA GISSEL CRESPO GOMEZ",
        "sys_updated_by": "Z945589@santander.com.mx",
        "short_description": "SOS",
        "state": "Cerrado completo"
    },
    {
        "number": "IMS1686260",
        "u_category": "Asesoramiento",
        "u_call_reason": "LIBERACIONTF",
        "opened_for": "ROCIO ROMO RIVAS",
        "company": "Santander México",
        "u_source": "call",
        "u_description": "Liberación de usuario en plataforma (TF) Usuario: n400656 Nombre: ROCIO ROMO RIVAS Puesto (Subdirector, Oficial, ejecutivo, etc.): Banquero de Servicio Sucursal ¿Utilizo otro equipo para firmarse a TF? (Si/No): Si ¿Se firmo en plataforma de mostrador y luego en negocios o viceversa? (Si/No): Si ¿El usuario trabaja en dos centros de costos? (Si/No): Si ¿El usuario es operativo volante? (Si/No): No Se libera usuario y valida correcto acceso en línea",
        "opened_at": "2025-09-08 08:37:39",
        "sys_created_on": "2025-09-08 08:40:13",
        "sys_updated_on": "2025-09-08 08:40:18",
        "duration": "159",
        "opened_by": "RODRIGO ALBERTO LUNA GUTIERREZ",
        "sys_updated_by": "Z951060@santander.com.mx",
        "short_description": "SOS",
        "state": "Cerrado completo"
    },
    {
        "number": "IMS1686996",
        "u_category": "Asesoramiento",
        "u_call_reason": "LIBERACIONTF",
        "opened_for": "LIZETH JUAREZ BOLAÑOS",
        "company": "Santander México",
        "u_source": "call",
        "u_description": "Liberación de usuario en plataforma (TF) Usuario:N298222 Nombre: LIZETH JUAREZ BOLAÑOS Puesto (Subdirector, Oficial, ejecutivo, etc.): SBD ¿Utilizo otro equipo para firmarse a TF? (Si/No):SI ¿Se firmo en plataforma de mostrador y luego en negocios o viceversa? (Si/No):SI ¿El usuario trabaja en dos centros de costos? (Si/No):SI ¿El usuario es operativo volante? (Si/No):NO Se libera usuario y valida correcto acceso en línea",
        "opened_at": "2025-09-08 11:18:26",
        "sys_created_on": "2025-09-08 11:19:05",
        "sys_updated_on": "2025-09-08 11:21:28",
        "duration": "182",
        "opened_by": "FELIPE CORDERO RODRIGUEZ",
        "sys_updated_by": "Z932614@santander.com.mx",
        "short_description": "SOS",
        "state": "Cerrado completo"
    },
    {
        "number": "IMS1686853",
        "u_category": "Asesoramiento",
        "u_call_reason": "LIBERACIONTF",
        "opened_for": "JESUS LOPEZ CHAVEZ",
        "company": "Santander México",
        "u_source": "call",
        "u_description": "Liberación de usuario en plataforma (TF) Usuario: N783332 Nombre: JESUS LOPEZ CHAVEZ Puesto (Subdirector, Oficial, ejecutivo, etc.): SUBDIRECTOR ¿Utilizo otro equipo para firmarse a TF? (Si/No): SI ¿Se firmo en plataforma de mostrador y luego en negocios o viceversa? (Si/No): SI ¿El usuario trabaja en dos centros de costos? (Si/No): SI ¿El usuario es operativo volante? (Si/No): NO Se libera usuario y valida correcto acceso en línea",
        "opened_at": "2025-09-08 10:37:37",
        "sys_created_on": "2025-09-08 10:38:16",
        "sys_updated_on": "2025-09-08 10:38:33",
        "duration": "56",
        "opened_by": "MARIA ESTHELA LOPEZ ROSALES",
        "sys_updated_by": "Z927706@santander.com.mx",
        "short_description": "SOS",
        "state": "Cerrado completo"
    },
    {
        "number": "IMS1687854",
        "u_category": "Asesoramiento",
        "u_call_reason": "LIBERACIONTF",
        "opened_for": "DAVID EDUARDO VILCHIS RODRIGUEZ",
        "company": "Santander México",
        "u_source": "call",
        "u_description": "Liberación de usuario en plataforma (TF) Usuario:S018059 Nombre: VILCHIS RODRIGUEZ DAVID EDUARDO Puesto (Subdirector, Oficial, ejecutivo, etc.):Banquero servicio ¿Utilizo otro equipo para firmarse a TF? (Si/No):si ¿Se firmo en plataforma de mostrador y luego en negocios o viceversa? (Si/No):No ¿El usuario trabaja en dos centros de costos? (Si/No):si ¿El usuario es operativo volante? (Si/No):si Se libera usuario y valida correcto acceso en línea",
        "opened_at": "2025-09-08 16:48:27",
        "sys_created_on": "2025-09-08 16:55:56",
        "sys_updated_on": "2025-09-08 16:56:02",
        "duration": "455",
        "opened_by": "JUAN CARLOS ORTIZ GAMIÑO",
        "sys_updated_by": "Z985704@santander.com.mx",
        "short_description": "SOS",
        "state": "Cerrado completo"
    },
    {
        "number": "IMS1686800",
        "u_category": "Asesoramiento",
        "u_call_reason": "LIBERACIONTF",
        "opened_for": "MONICA GUADALUPE LEIJA ALEMAN",
        "company": "Santander México",
        "u_source": "call",
        "u_description": "Liberación de usuario en plataforma (TF) Usuario: n796778 Nombre: MONICA GUADALUPE LEIJA ALEMAN Puesto (Subdirector, Oficial, ejecutivo, etc.):Director ¿Utilizo otro equipo para firmarse a TF? (Si/No): Si ¿Se firmo en plataforma de mostrador y luego en negocios o viceversa? (Si/No): Si ¿El usuario trabaja en dos centros de costos? (Si/No): Si ¿El usuario es operativo volante? (Si/No): No Se libera usuario y valida correcto acceso en línea",
        "opened_at": "2025-09-08 10:24:45",
        "sys_created_on": "2025-09-08 10:27:45",
        "sys_updated_on": "2025-09-08 10:27:50",
        "duration": "186",
        "opened_by": "JOSE LUIS CASTILLO BARRON",
        "sys_updated_by": "Z942058@santander.com.mx",
        "short_description": "SOS",
        "state": "Cerrado completo"
    },
    {
        "number": "IMS1686433",
        "u_category": "Asesoramiento",
        "u_call_reason": "LIBERACIONTF",
        "opened_for": "FATIMA PHOLETET LONA REVELES",
        "company": "Santander México",
        "u_source": "call",
        "u_description": "Liberación de usuario en plataforma (TF) Usuario: n846823 Nombre: FATIMA PHOLETET LONA REVELES Puesto (Subdirector, Oficial, ejecutivo, etc.): Banquero de Servicio Sucursal ¿Utilizo otro equipo para firmarse a TF? (Si/No): ¿Se firmo en plataforma de mostrador y luego en negocios o viceversa? (Si/No):si ¿El usuario trabaja en dos centros de costos? (Si/No):si ¿El usuario es operativo volante? (Si/No): Se libera usuario y valida correcto acceso en línea",
        "opened_at": "2025-09-08 09:12:26",
        "sys_created_on": "2025-09-08 09:13:53",
        "sys_updated_on": "2025-09-08 09:14:02",
        "duration": "96",
        "opened_by": "JOSE LUIS RODRIGUEZ VAZQUEZ",
        "sys_updated_by": "Z948938@santander.com.mx",
        "short_description": "SOS",
        "state": "Cerrado completo"
    },
    {
        "number": "IMS1687336",
        "u_category": "Asesoramiento",
        "u_call_reason": "LIBERACIONTF",
        "opened_for": "OSCAR ADRIAN LOPEZ MONTERO",
        "company": "Santander México",
        "u_source": "call",
        "u_description": "Liberación de usuario en plataforma (TF) Usuario: n879819 Nombre: LOPEZ MONTERO OSCAR ADRIAN Puesto (Subdirector, Oficial, ejecutivo, etc.): Banquero de Servicio Sucursal ¿Utilizo otro equipo para firmarse a TF? (Si/No): SI ¿Se firmo en plataforma de mostrador y luego en negocios o viceversa? (Si/No): NO ¿El usuario trabaja en dos centros de costos? (Si/No): SI ¿El usuario es operativo volante? (Si/No): SI Se libera usuario y valida correcto acceso en línea",
        "opened_at": "2025-09-08 13:07:02",
        "sys_created_on": "2025-09-08 13:07:51",
        "sys_updated_on": "2025-09-08 13:08:44",
        "duration": "102",
        "opened_by": "MARISOL BRITO ARMAS",
        "sys_updated_by": "Z949984@santander.com.mx",
        "short_description": "SOS",
        "state": "Cerrado completo"
    },
    {
        "number": "IMS1687116",
        "u_category": "Asesoramiento",
        "u_call_reason": "LIBERACIONTF",
        "opened_for": "ANA KAREN GENESIS CANO VEGA",
        "company": "Santander México",
        "u_source": "call",
        "u_description": "Liberación de usuario en plataforma (TF) Usuario:S025185 Nombre: CANO VEGA ANA KAREN GENESIS Puesto (Subdirector, Oficial, ejecutivo, etc.): Banquera de Servicios ¿Utilizo otro equipo para firmarse a TF? (Si/No): SI ¿Se firmo en plataforma de mostrador y luego en negocios o viceversa? (Si/No):NO ¿El usuario trabaja en dos centros de costos? (Si/No):SI ¿El usuario es operativo volante? (Si/No):NO Se libera usuario y valida correcto acceso en línea",
        "opened_at": "2025-09-08 11:58:06",
        "sys_created_on": "2025-09-08 12:01:46",
        "sys_updated_on": "2025-09-08 12:01:51",
        "duration": "225",
        "opened_by": "JOSAHANDY CHIMAL PEREZ",
        "sys_updated_by": "Z930657@santander.com.mx",
        "short_description": "SOS",
        "state": "Cerrado completo"
    },
    {
        "number": "IMS1686425",
        "u_category": "Asesoramiento",
        "u_call_reason": "LIBERACIONTF",
        "opened_for": "VIRIDIANA RIVERA HERNANDEZ",
        "company": "Santander México",
        "u_source": "call",
        "u_description": "Liberación de usuario en plataforma (TF) Usuario: S885863 Nombre: VIRIDIANA RIVERA HERNANDEZ Puesto (Subdirector, Oficial, ejecutivo, etc.): Banquero de servicio ¿Utilizo otro equipo para firmarse a TF? (Si/No): si ¿Se firmo en plataforma de mostrador y luego en negocios o viceversa? (Si/No): No ¿El usuario trabaja en dos centros de costos? (Si/No): Si ¿El usuario es operativo volante? (Si/No): No Se libera usuario y valida correcto acceso en línea",
        "opened_at": "2025-09-08 09:11:03",
        "sys_created_on": "2025-09-08 09:15:10",
        "sys_updated_on": "2025-09-08 09:15:19",
        "duration": "256",
        "opened_by": "JESSICA DANIELA MEZA SOTO",
        "sys_updated_by": "Z985703@santander.com.mx",
        "short_description": "SOS",
        "state": "Cerrado completo"
    },
    {
        "number": "IMS1684966",
        "u_category": "Asesoramiento",
        "u_call_reason": "LIBERACIONTF",
        "opened_for": "DAVID VALDES GASCA",
        "company": "Santander México",
        "u_source": "call",
        "u_description": "Liberación de usuario en plataforma (TF) Nombre: VALDES GASCA DAVID Expediente: s051591 Puesto (Subdirector, Oficial, ejecutivo, etc.): Banquero de Servicio Sucursal ¿Utilizo otro equipo para firmarse a TF? (Si/No): Si ¿Se firmo en plataforma de mostrador y luego en negocios o viceversa? (Si/No): No ¿El usuario trabaja en dos centros de costos? (Si/No): Si ¿El usuario es operativo volante? (Si/No): No Se libera usuario y valida correcto acceso en línea",
        "opened_at": "2025-09-06 09:42:01",
        "sys_created_on": "2025-09-06 09:46:33",
        "sys_updated_on": "2025-09-06 09:46:37",
        "duration": "276",
        "opened_by": "JUAN ANTONIO MORALES BALDERAS",
        "sys_updated_by": "Z936831@santander.com.mx",
        "short_description": "SOS",
        "state": "Cerrado completo"
    },
    {
        "number": "IMS1686850",
        "u_category": "Asesoramiento",
        "u_call_reason": "LIBERACIONTF",
        "opened_for": "CITLALLI RICARDEZ OSORIO",
        "company": "Santander México",
        "u_source": "call",
        "u_description": "Liberación de usuario en plataforma (TF) Usuario: n453994 Nombre: CITLALLI RICARDEZ OSORIO Puesto (Subdirector, Oficial, ejecutivo, etc.): Subdirector ¿Utilizo otro equipo para firmarse a TF? (Si/No): Si ¿Se firmo en plataforma de mostrador y luego en negocios o viceversa? (Si/No): Si ¿El usuario trabaja en dos centros de costos? (Si/No): No ¿El usuario es operativo volante? (Si/No): Si Se libera usuario y valida correcto acceso en línea",
        "opened_at": "2025-09-08 10:36:33",
        "sys_created_on": "2025-09-08 10:45:44",
        "sys_updated_on": "2025-09-08 10:45:55",
        "duration": "562",
        "opened_by": "JOSE LUIS CASTILLO BARRON",
        "sys_updated_by": "Z942058@santander.com.mx",
        "short_description": "SOS",
        "state": "Cerrado completo"
    },
    {
        "number": "IMS1686383",
        "u_category": "Asesoramiento",
        "u_call_reason": "LIBERACIONTF",
        "opened_for": "JHOANNY LOPEZ MONTEALVO",
        "company": "Santander México",
        "u_source": "call",
        "u_description": "Liberación de usuario en plataforma (TF) Usuario:LOPEZ MONTEALVO JHOANNY Nombre: S273787 Puesto (Subdirector, Oficial, ejecutivo, etc.):Banquero de servicios ¿Utilizo otro equipo para firmarse a TF? (Si/No):si ¿Se firmo en plataforma de mostrador y luego en negocios o viceversa? (Si/No):no ¿El usuario trabaja en dos centros de costos? (Si/No):si ¿El usuario es operativo volante? (Si/No):no Se libera usuario y valida correcto acceso en línea",
        "opened_at": "2025-09-08 09:04:39",
        "sys_created_on": "2025-09-08 09:07:25",
        "sys_updated_on": "2025-09-08 09:07:33",
        "duration": "174",
        "opened_by": "JUAN CARLOS ORTIZ GAMIÑO",
        "sys_updated_by": "Z985704@santander.com.mx",
        "short_description": "SOS",
        "state": "Cerrado completo"
    },
    {
        "number": "IMS1686421",
        "u_category": "Asesoramiento",
        "u_call_reason": "LIBERACIONTF",
        "opened_for": "LUIS EDUARDO ORTIZ ANAYA",
        "company": "Santander México",
        "u_source": "call",
        "u_description": "Liberación de usuario en plataforma (TF) Usuario: s024161 Nombre: LUIS EDUARDO ORTIZ ANAYA Puesto (Subdirector, Oficial, ejecutivo, etc.): sbd ¿Utilizo otro equipo para firmarse a TF? (Si/No): no ¿Se firmo en plataforma de mostrador y luego en negocios o viceversa? (Si/No): no ¿El usuario trabaja en dos centros de costos? (Si/No): si ¿El usuario es operativo volante? (Si/No):no Se libera usuario y valida correcto acceso en línea",
        "opened_at": "2025-09-08 09:10:16",
        "sys_created_on": "2025-09-08 09:10:34",
        "sys_updated_on": "2025-09-08 09:10:40",
        "duration": "24",
        "opened_by": "ALAIN PAGOLA RENDON",
        "sys_updated_by": "Z934089@santander.com.mx",
        "short_description": "SOS",
        "state": "Cerrado completo"
    },
    {
        "number": "IMS1686552",
        "u_category": "Asesoramiento",
        "u_call_reason": "LIBERACIONTF",
        "opened_for": "ITZEL MANRIQUE ARROYO",
        "company": "Santander México",
        "u_source": "call",
        "u_description": "Liberación de usuario en plataforma (TF) Usuario: n870425 Nombre: ITZEL MANRIQUE ARROYO Puesto (Subdirector, Oficial, ejecutivo, etc.): Subdirector ¿Utilizo otro equipo para firmarse a TF? (Si/No): Si ¿Se firmo en plataforma de mostrador y luego en negocios o viceversa? (Si/No): Si ¿El usuario trabaja en dos centros de costos? (Si/No): SI ¿El usuario es operativo volante? (Si/No): No Se libera usuario y valida correcto acceso en línea",
        "opened_at": "2025-09-08 09:34:38",
        "sys_created_on": "2025-09-08 09:40:30",
        "sys_updated_on": "2025-09-08 09:40:37",
        "duration": "359",
        "opened_by": "JOSE LUIS CASTILLO BARRON",
        "sys_updated_by": "Z942058@santander.com.mx",
        "short_description": "SOS",
        "state": "Cerrado completo"
    },
    {
        "number": "IMS1687908",
        "u_category": "Asesoramiento",
        "u_call_reason": "LIBERACIONTF",
        "opened_for": "OLIVIA RODRIGUEZ PAZOS",
        "company": "Santander México",
        "u_source": "call",
        "u_description": "Liberación de usuario en plataforma (TF) Usuario: N761732 Nombre: OLIVIA RODRIGUEZ PAZOS Puesto (Subdirector, Oficial, ejecutivo, etc.): BANQUERO DE SERVICIO ¿Utilizo otro equipo para firmarse a TF? (Si/No): SI ¿Se firmo en plataforma de mostrador y luego en negocios o viceversa? (Si/No): SI ¿El usuario trabaja en dos centros de costos? (Si/No): SI ¿El usuario es operativo volante? (Si/No): SI Se libera usuario y valida correcto acceso en línea",
        "opened_at": "2025-09-08 17:18:58",
        "sys_created_on": "2025-09-08 17:20:07",
        "sys_updated_on": "2025-09-08 17:20:13",
        "duration": "75",
        "opened_by": "MARIA ESTHELA LOPEZ ROSALES",
        "sys_updated_by": "Z927706@santander.com.mx",
        "short_description": "SOS",
        "state": "Cerrado completo"
    },
    {
        "number": "IMS1684973",
        "u_category": "Asesoramiento",
        "u_call_reason": "LIBERACIONTF",
        "opened_for": "SUSANA SALADO MEJIA",
        "company": "Santander México",
        "u_source": "call",
        "u_description": "Liberación de usuario en plataforma (TF) Usuario: n460367 Nombre: SUSANA SALADO MEJIA Puesto (Subdirector, Oficial, ejecutivo, etc.):Subdirector ¿Utilizo otro equipo para firmarse a TF? (Si/No): Si ¿Se firmo en plataforma de mostrador y luego en negocios o viceversa? (Si/No): Si ¿El usuario trabaja en dos centros de costos? (Si/No): No ¿El usuario es operativo volante? (Si/No): No Se libera usuario y valida correcto acceso en línea",
        "opened_at": "2025-09-06 10:30:43",
        "sys_created_on": "2025-09-06 10:49:28",
        "sys_updated_on": "2025-09-06 10:49:33",
        "duration": "1130",
        "opened_by": "JOSE LUIS CASTILLO BARRON",
        "sys_updated_by": "Z942058@santander.com.mx",
        "short_description": "SOS",
        "state": "Cerrado completo"
    },
    {
        "number": "IMS1686747",
        "u_category": "Asesoramiento",
        "u_call_reason": "LIBERACIONTF",
        "opened_for": "IVAN GETHSEMANI MOLINA CHAVEZ",
        "company": "Santander México",
        "u_source": "call",
        "u_description": "Liberación de usuario en plataforma (TF) Usuario: n754810 Nombre: IVAN GETHSEMANI MOLINA CHAVEZ Puesto (Subdirector, Oficial, ejecutivo, etc.): Banquero Select ¿Utilizo otro equipo para firmarse a TF? (Si/No): Si ¿Se firmo en plataforma de mostrador y luego en negocios o viceversa? (Si/No): Si ¿El usuario trabaja en dos centros de costos? (Si/No): No ¿El usuario es operativo volante? (Si/No): No Se libera usuario y valida correcto acceso en línea",
        "opened_at": "2025-09-08 10:14:10",
        "sys_created_on": "2025-09-08 10:18:57",
        "sys_updated_on": "2025-09-08 10:19:16",
        "duration": "306",
        "opened_by": "JOSE LUIS CASTILLO BARRON",
        "sys_updated_by": "Z942058@santander.com.mx",
        "short_description": "SOS",
        "state": "Cerrado completo"
    },
    {
        "number": "IMS1686394",
        "u_category": "Asesoramiento",
        "u_call_reason": "LIBERACIONTF",
        "opened_for": "LUIS EDUARDO ORTIZ ANAYA",
        "company": "Santander México",
        "u_source": "call",
        "u_description": "Liberación de usuario en plataforma (TF) Usuario: s024161 Nombre: LUIS EDUARDO ORTIZ ANAYA Puesto (Subdirector, Oficial, ejecutivo, etc.): sbd ¿Utilizo otro equipo para firmarse a TF? (Si/No): no ¿Se firmo en plataforma de mostrador y luego en negocios o viceversa? (Si/No): no ¿El usuario trabaja en dos centros de costos? (Si/No): si ¿El usuario es operativo volante? (Si/No):no Se libera usuario y valida correcto acceso en línea",
        "opened_at": "2025-09-08 09:05:42",
        "sys_created_on": "2025-09-08 09:07:46",
        "sys_updated_on": "2025-09-08 09:07:51",
        "duration": "129",
        "opened_by": "ALAIN PAGOLA RENDON",
        "sys_updated_by": "Z934089@santander.com.mx",
        "short_description": "SOS",
        "state": "Cerrado completo"
    },
    {
        "number": "IMS1686847",
        "u_category": "Asesoramiento",
        "u_call_reason": "LIBERACIONTF",
        "opened_for": "DIANA LIZBETH LOPEZ MARQUEZ",
        "company": "Santander México",
        "u_source": "call",
        "u_description": "Liberación de usuario en plataforma (TF) Usuario:S379799 Nombre: LOPEZ MARQUEZ DIANA LIZBETH Puesto (Subdirector, Oficial, ejecutivo, etc.): Banquero de Servicio ¿Utilizo otro equipo para firmarse a TF? (Si/No):SI ¿Se firmo en plataforma de mostrador y luego en negocios o viceversa? (Si/No):NO ¿El usuario trabaja en dos centros de costos? (Si/No):SI ¿El usuario es operativo volante? (Si/No):NO Se libera usuario y valida correcto acceso en línea",
        "opened_at": "2025-09-08 10:35:52",
        "sys_created_on": "2025-09-08 10:40:40",
        "sys_updated_on": "2025-09-08 10:40:47",
        "duration": "295",
        "opened_by": "JOSAHANDY CHIMAL PEREZ",
        "sys_updated_by": "Z930657@santander.com.mx",
        "short_description": "SOS",
        "state": "Cerrado completo"
    },
    {
        "number": "IMS1684982",
        "u_category": "Asesoramiento",
        "u_call_reason": "LIBERACIONTF",
        "opened_for": "MIGUEL EDUARDO HERNANDEZ SANDOVAL",
        "company": "Santander México",
        "u_source": "call",
        "u_description": "Liberación de usuario en plataforma (TF) Usuario: n755177 Nombre: MIGUEL EDUARDO HERNANDEZ SANDOVAL Puesto (Subdirector, Oficial, ejecutivo, etc.): Banquero de Servicio Sucursal ¿Utilizo otro equipo para firmarse a TF? (Si/No): ¿Se firmo en plataforma de mostrador y luego en negocios o viceversa? (Si/No): No ¿El usuario trabaja en dos centros de costos? (Si/No): Si ¿El usuario es operativo volante? (Si/No): No, Banquero de Servicio Sucursal Se libera usuario y valida correcto acceso en línea",
        "opened_at": "2025-09-06 11:16:47",
        "sys_created_on": "2025-09-06 11:18:51",
        "sys_updated_on": "2025-09-06 11:18:55",
        "duration": "128",
        "opened_by": "CRISTINA GISSEL CRESPO GOMEZ",
        "sys_updated_by": "Z945589@santander.com.mx",
        "short_description": "SOS",
        "state": "Cerrado completo"
    }
]